"CowTagID","Day_Night","Tide","Phosphate_umolL","Silicate_umolL","Nitrite_umolL","Ammonia_umolL","Season","lat","lng","N_ug","del15N","C_ug","del13C","N_percent","C_percent","C_N"
"VSEEP","Night","Mid",0.383899929,13.57040172,1.167942082,0.968492842,"March",-17.540302,-149.899331,33.4,7.7,820.5,-11.6,1.254271659,30.81227233,24.56586826
"VSEEP","Day","Low",2.347925434,401.7660016,14.47512447,1.516705395,"March",-17.540302,-149.899331,33.4,7.7,820.5,-11.6,1.254271659,30.81227233,24.56586826
"V1","Day","Low",0.157620727,1.323530762,0.499259483,0.828499422,"March",-17.53975298,-149.900506,23.4,3.6,759.5,-9.9,0.962962963,31.25514403,32.45726496
"V2","Day","Low",0.157527914,1.782810054,0.342611639,0.583375924,"March",-17.53989003,-149.900519,28.9,3.8,898.9,-9.8,1.005882148,31.28676343,31.10380623
"V3","Day","Low",0.155996492,3.033281857,0.287992195,0.411099409,"March",-17.54012598,-149.90056,27.5,3.7,1010.7,-9.9,0.924214418,33.96740044,36.75272727
"V4","Day","Low",0.135763159,1.174706274,0.198672279,0.408759185,"March",-17.54024902,-149.900454,27.9,3.3,803.2,-11.9,1.189258312,34.23699915,28.78853047
"V5","Day","Low",0.142770574,1.111715444,0.183710517,0.421300387,"March",-17.54025003,-149.900336,37.8,3.3,825.9,-16.4,1.35863705,29.68514126,21.84920635
"V6","Day","Low",0.18040643,3.862199646,0.534681004,0.298948658,"March",-17.54002498,-149.900106,30.6,3.9,1001.7,-9.6,0.964812713,31.58342792,32.73529412
"V7","Day","Low",0.166391599,5.850910131,0.479520773,0.224841554,"March",-17.54004803,-149.899985,19.2,3.5,736.1,-9.2,0.839491059,32.18486293,38.33854167
"V8","Day","Low",0.158502455,2.253510761,0.264828503,0.342932874,"March",-17.54014903,-149.899896,24.7,3.7,900.5,-9.6,0.829137294,30.22826452,36.45748988
"V9","Day","Low",0.145879825,1.136980996,0.218591251,0.264385345,"March",-17.540245,-149.899765,24.8,3.3,762.4,-10.1,1.006289308,30.93528099,30.74193548
"V10","Day","Low",0.142028067,1.068798615,0.148829783,0.280526892,"March",-17.54030501,-149.899788,23.4,3.2,831.9,-11.1,0.963518076,34.25430289,35.55128205
"V11","Day","Low",0.152887241,1.067414201,0.540719787,0.294148198,"March",-17.54019303,-149.900068,28.4,4,853.4,-10.4,1.076450745,32.34658682,30.04929577
"V12","Day","Low",0.140682272,1.077105098,0.156400795,0.216320737,"March",-17.54030996,-149.900112,34.7,6.1,1090.9,-10.4,1.069535199,33.62409074,31.43804035
"V13","Day","Low",0.148014535,1.359525522,0.288713243,1.689881996,"March",-17.540749,-149.899133,22.1,3.4,963.3,-9.5,0.753109559,32.82671665,43.58823529
"V14","Day","Low",0.150984565,2.995210477,0.174607276,0.236122635,"March",-17.54039696,-149.899396,23.3,4.4,739,-10.2,1.081005846,34.2859794,31.7167382
"V15","Day","Low",0.154511476,1.619795324,0.235175373,0.180377291,"March",-17.54014299,-149.900183,23.8,6.7,740.3,-10.6,1.011904762,31.47534014,31.10504202
"V16","Day","Low",0.149545957,1.469932526,0.087811031,0.387457142,"March",-17.54029797,-149.900492,23,3.4,746,-9.6,1.001960357,32.49836637,32.43478261
"V17","Day","Low",0.141331966,2.499244218,0.212372205,0.229522002,"March",-17.54031901,-149.899572,20.4,3.9,764,-9.9,0.822547478,30.80520947,37.45098039
"V18","Day","Low",0.14680796,1.228006207,0.163340889,0.20497965,"March",-17.54019697,-149.899906,27.1,4.1,962,-9.4,0.866922585,30.77415227,35.49815498
"V19","Day","Low",0.128245269,1.185435481,0.102682662,0.950458716,"March",-17.54050802,-149.89978,20.1,3.1,811.5,-9.8,0.85126207,34.36811791,40.37313433
"V20","Day","Low",0.148710635,1.495544182,0.193354544,0.198319011,"March",-17.54045103,-149.899509,19.4,3.6,696.2,-10.8,0.825848197,29.63688221,35.88659794
"VSEEP","Day","Mid",0.267007267,12.01880453,1.06687617,0.41918427,"March",-17.540302,-149.899331,33.4,7.7,820.5,-11.6,1.254271659,30.81227233,24.56586826
"VSEEP","Day","High",0.16495299,4.051172135,0.353787894,0.244163406,"March",-17.540302,-149.899331,33.4,7.7,820.5,-11.6,1.254271659,30.81227233,24.56586826
"V1","Day","High",0.143281048,1.232851655,0.154868566,0.230482094,"March",-17.53975298,-149.900506,23.4,3.6,759.5,-9.9,0.962962963,31.25514403,32.45726496
"V2","Day","High",0.147550467,1.036264889,0.342431376,0.226041669,"March",-17.53989003,-149.900519,28.9,3.8,898.9,-9.8,1.005882148,31.28676343,31.10380623
"V3","Day","High",0.112838235,0.940740334,0.17487767,0.223401416,"March",-17.54012598,-149.90056,27.5,3.7,1010.7,-9.9,0.924214418,33.96740044,36.75272727
"V4","Day","High",0.128152455,0.853522262,0.184071041,0.328291471,"March",-17.54024902,-149.900454,27.9,3.3,803.2,-11.9,1.189258312,34.23699915,28.78853047
"V5","Day","High",0.116086706,0.891247539,0.255725262,0.252924246,"March",-17.54025003,-149.900336,37.8,3.3,825.9,-16.4,1.35863705,29.68514126,21.84920635
"V6","Day","High",0.141610406,1.678632912,0.134498939,0.237622779,"March",-17.54002498,-149.900106,30.6,3.9,1001.7,-9.6,0.964812713,31.58342792,32.73529412
"V7","Day","High",0.148432195,2.091534341,0.168388231,0.179777234,"March",-17.54004803,-149.899985,19.2,3.5,736.1,-9.2,0.839491059,32.18486293,38.33854167
"V8","Day","High",0.145415758,1.411441041,0.256085787,0.170716365,"March",-17.54014903,-149.899896,24.7,3.7,900.5,-9.6,0.829137294,30.22826452,36.45748988
"V9","Day","High",0.131586553,1.126597893,0.163160627,0.167896095,"March",-17.540245,-149.899765,24.8,3.3,762.4,-10.1,1.006289308,30.93528099,30.74193548
"V10","Day","High",0.132885942,1.241850345,0.073660449,0.334172034,"March",-17.54030501,-149.899788,23.4,3.2,831.9,-11.1,0.963518076,34.25430289,35.55128205
"V11","Day","High",0.130612012,0.977081198,0.122511503,0.161655497,"March",-17.54019303,-149.900068,28.4,4,853.4,-10.4,1.076450745,32.34658682,30.04929577
"V12","Day","High",0.131215299,0.909244919,0.111785903,0.236962716,"March",-17.54030996,-149.900112,34.7,6.1,1090.9,-10.4,1.069535199,33.62409074,31.43804035
"V13","Day","High",0.134742211,1.410056627,0.198672279,0.300688825,"March",-17.540749,-149.899133,22.1,3.4,963.3,-9.5,0.753109559,32.82671665,43.58823529
"V14","Day","High",0.143002608,3.126037585,0.181276977,0.236602681,"March",-17.54039696,-149.899396,23.3,4.4,739,-10.2,1.081005846,34.2859794,31.7167382
"V15","Day","High",0.148246568,1.035918786,0.1682981,0.194538649,"March",-17.54014299,-149.900183,23.8,6.7,740.3,-10.6,1.011904762,31.47534014,31.10504202
"V16","Day","High",0.127456354,0.828602813,0.130262777,0.235582583,"March",-17.54029797,-149.900492,23,3.4,746,-9.6,1.001960357,32.49836637,32.43478261
"V17","Day","High",0.152980054,2.562235048,0.173705965,0.187577982,"March",-17.54031901,-149.899572,20.4,3.9,764,-9.9,0.822547478,30.80520947,37.45098039
"V18","Day","High",0.141192746,1.294111968,0.110343805,0.164055727,"March",-17.54019697,-149.899906,27.1,4.1,962,-9.4,0.866922585,30.77415227,35.49815498
"V19","Day","High",0.11887111,0.898861816,0.067080879,0.155294887,"March",-17.54050802,-149.89978,20.1,3.1,811.5,-9.8,0.85126207,34.36811791,40.37313433
"V20","Day","High",0.147596874,1.364024867,0.122511503,0.15511487,"March",-17.54045103,-149.899509,19.4,3.6,696.2,-10.8,0.825848197,29.63688221,35.88659794
"VSEEP","Day","Mid",0.756406727,30.180599,1.89989671,0.208039943,"March",-17.540302,-149.899331,33.4,7.7,820.5,-11.6,1.254271659,30.81227233,24.56586826
"VSEEP","Night","Low",2.3580421,447.2495465,18.53571555,0.220581145,"March",-17.540302,-149.899331,33.4,7.7,820.5,-11.6,1.254271659,30.81227233,24.56586826
"V1","Night","Low",0.187228219,4.940658029,0.758656776,0.673084523,"March",-17.53975298,-149.900506,23.4,3.6,759.5,-9.9,0.962962963,31.25514403,32.45726496
"V2","Night","Low",0.171589152,3.700915433,0.620575938,0.256344574,"March",-17.53989003,-149.900519,28.9,3.8,898.9,-9.8,1.005882148,31.28676343,31.10380623
"V3","Night","Low",0.165463464,1.382714454,0.458430097,0.466304701,"March",-17.54012598,-149.90056,27.5,3.7,1010.7,-9.9,0.924214418,33.96740044,36.75272727
"V4","Night","Low",0.143373862,0.99334806,0.252300281,0.237262744,"March",-17.54024902,-149.900454,27.9,3.3,803.2,-11.9,1.189258312,34.23699915,28.78853047
"V5","Night","Low",0.162771874,2.390567731,0.3723549,0.470025058,"March",-17.54025003,-149.900336,37.8,3.3,825.9,-16.4,1.35863705,29.68514126,21.84920635
"V6","Night","Low",0.17033617,4.688002503,0.424090149,0.263965304,"March",-17.54002498,-149.900106,30.6,3.9,1001.7,-9.6,0.964812713,31.58342792,32.73529412
"V7","Night","Low",0.167690987,3.509866323,0.379385126,0.239062917,"March",-17.54004803,-149.899985,19.2,3.5,736.1,-9.2,0.839491059,32.18486293,38.33854167
"V8","Night","Low",0.171403525,3.702299847,0.406694848,0.237502768,"March",-17.54014903,-149.899896,24.7,3.7,900.5,-9.6,0.829137294,30.22826452,36.45748988
"V9","Night","Low",0.148617822,1.543652563,0.244549007,0.224481519,"March",-17.540245,-149.899765,24.8,3.3,762.4,-10.1,1.006289308,30.93528099,30.74193548
"V10","Night","Low",0.15502195,0.987118198,0.185062483,0.215540662,"March",-17.54030501,-149.899788,23.4,3.2,831.9,-11.1,0.963518076,34.25430289,35.55128205
"V11","Night","Low",0.173538235,3.202180346,0.411652058,0.240503055,"March",-17.54019303,-149.900068,28.4,4,853.4,-10.4,1.076450745,32.34658682,30.04929577
"V12","Night","Low",0.148385788,0.940740334,0.25716736,0.203179477,"March",-17.54030996,-149.900112,34.7,6.1,1090.9,-10.4,1.069535199,33.62409074,31.43804035
"V13","Night","Low",0.157527914,1.252579552,0.34603662,0.242303228,"March",-17.540749,-149.899133,22.1,3.4,963.3,-9.5,0.753109559,32.82671665,43.58823529
"V14","Night","Low",0.156135712,3.467295597,0.279610003,0.272426115,"March",-17.54039696,-149.899396,23.3,4.4,739,-10.2,1.081005846,34.2859794,31.7167382
"V15","Night","Low",0.179246262,4.175077174,0.529273138,0.242183216,"March",-17.54014299,-149.900183,23.8,6.7,740.3,-10.6,1.011904762,31.47534014,31.10504202
"V16","Night","Low",0.164999397,1.081950546,0.156671188,0.178217084,"March",-17.54029797,-149.900492,23,3.4,746,-9.6,1.001960357,32.49836637,32.43478261
"V17","Night","Low",0.149221109,2.725595881,0.344684654,0.248183791,"March",-17.54031901,-149.899572,20.4,3.9,764,-9.9,0.822547478,30.80520947,37.45098039
"V18","Night","Low",0.201475084,7.738904509,0.669156598,4.25986836,"March",-17.54019697,-149.899906,27.1,4.1,962,-9.4,0.866922585,30.77415227,35.49815498
"V19","Night","Low",0.187056048,0.739466183,0.37666396,0.179777417,"March",-17.54050802,-149.89978,20.1,3.1,811.5,-9.8,0.85126207,34.36811791,40.37313433
"V20","Night","Low",0.154279443,1.427015697,0.28925403,0.465584632,"March",-17.54045103,-149.899509,19.4,3.6,696.2,-10.8,0.825848197,29.63688221,35.88659794
"VSEEP","Night","Mid",1.685608624,319.4189341,12.43864977,0.331291758,"March",-17.540302,-149.899331,33.4,7.7,820.5,-11.6,1.254271659,30.81227233,24.56586826
"VSEEP","Night","Mid",0.344222177,23.99296133,1.503680413,0.302128963,"March",-17.540302,-149.899331,33.4,7.7,820.5,-11.6,1.254271659,30.81227233,24.56586826
"VSEEP","Night","High",0.214376154,3.096964894,1.25825344,1.27110185,"March",-17.540302,-149.899331,33.4,7.7,820.5,-11.6,1.254271659,30.81227233,24.56586826
"V1","Night","High",0.173399014,1.280613933,0.333959053,0.298588623,"March",-17.53975298,-149.900506,23.4,3.6,759.5,-9.9,0.962962963,31.25514403,32.45726496
"V2","Night","High",0.174559182,1.1272901,0.232831964,0.163935715,"March",-17.53989003,-149.900519,28.9,3.8,898.9,-9.8,1.005882148,31.28676343,31.10380623
"V3","Night","High",0.164024855,0.950777335,0.192002578,0.66846408,"March",-17.54012598,-149.90056,27.5,3.7,1010.7,-9.9,0.924214418,33.96740044,36.75272727
"V4","Night","High",0.163003907,0.889170919,0.184431566,0.132552707,"March",-17.54024902,-149.900454,27.9,3.3,803.2,-11.9,1.189258312,34.23699915,28.78853047
"V5","Night","High",0.161890146,0.925165679,0.135219987,0.147074099,"March",-17.54025003,-149.900336,37.8,3.3,825.9,-16.4,1.35863705,29.68514126,21.84920635
"V6","Night","High",0.165834718,1.491044837,0.175148063,0.125652045,"March",-17.54002498,-149.900106,30.6,3.9,1001.7,-9.6,0.964812713,31.58342792,32.73529412
"V7","Night","High",0.17558013,1.628447911,0.203178834,0.162075537,"March",-17.54004803,-149.899985,19.2,3.5,736.1,-9.2,0.839491059,32.18486293,38.33854167
"V8","Night","High",0.166345192,1.306225589,0.169830328,0.13123258,"March",-17.54014903,-149.899896,24.7,3.7,900.5,-9.6,0.829137294,30.22826452,36.45748988
"V9","Night","High",0.158827302,1.031073338,0.105927381,0.163515675,"March",-17.540245,-149.899765,24.8,3.3,762.4,-10.1,1.006289308,30.93528099,30.74193548
"V10","Night","High",0.145601385,1.004769475,0.101060302,0.129792442,"March",-17.54030501,-149.899788,23.4,3.2,831.9,-11.1,0.963518076,34.25430289,35.55128205
"V11","Night","High",0.163467975,1.000616233,0.174607276,0.092888905,"March",-17.54019303,-149.900068,28.4,4,853.4,-10.4,1.076450745,32.34658682,30.04929577
"V12","Night","High",0.163143128,0.926550092,0.122962158,0.125171999,"March",-17.54030996,-149.900112,34.7,6.1,1090.9,-10.4,1.069535199,33.62409074,31.43804035
"V13","Night","High",0.164488923,1.170206929,0.125666091,0.132612713,"March",-17.540749,-149.899133,22.1,3.4,963.3,-9.5,0.753109559,32.82671665,43.58823529
"V14","Night","High",0.163235941,2.041695443,0.180736191,0.223881462,"March",-17.54039696,-149.899396,23.3,4.4,739,-10.2,1.081005846,34.2859794,31.7167382
"V15","Night","High",0.167134106,0.984003267,0.280331052,1.451119107,"March",-17.54014299,-149.900183,23.8,6.7,740.3,-10.6,1.011904762,31.47534014,31.10504202
"V16","Night","High",0.152701614,0.900592333,0.128910811,0.302008951,"March",-17.54029797,-149.900492,23,3.4,746,-9.6,1.001960357,32.49836637,32.43478261
"V17","Night","High",0.142213694,1.565803184,0.156130402,17.11922004,"March",-17.54031901,-149.899572,20.4,3.9,764,-9.9,0.822547478,30.80520947,37.45098039
"V18","Night","High",0.190514382,0.858814892,0.468645175,0.340527946,"March",-17.54019697,-149.899906,27.1,4.1,962,-9.4,0.866922585,30.77415227,35.49815498
"V19","Night","High",0.153954596,0.897477402,0.087270245,0.205279679,"March",-17.54050802,-149.89978,20.1,3.1,811.5,-9.8,0.85126207,34.36811791,40.37313433
"V20","Night","High",0.166438005,1.164669273,0.119176652,0.203599517,"March",-17.54045103,-149.899509,19.4,3.6,696.2,-10.8,0.825848197,29.63688221,35.88659794
"VSPRING","Day",NA,2.599125048,713.0571823,32.63479397,1.596933085,"March",-17.540302,-149.899331,NA,NA,NA,NA,NA,NA,NA
"VRC","Night","Mid",0.163143128,3.38353856,0.463307649,0.288927697,"March",-17.54606,-149.90274,19,5.9,814.2,-10.2,0.751077203,32.18563466,42.85263158
"VRC","Night","Mid",0.16977929,2.891033335,0.423480234,0.235642589,"March",-17.54606,-149.90274,19,5.9,814.2,-10.2,0.751077203,32.18563466,42.85263158
"VRC","Day","Mid",0.158734489,3.675995984,0.417290839,0.571494785,"March",-17.54606,-149.90274,19,5.9,814.2,-10.2,0.751077203,32.18563466,42.85263158
"VRC","Day","Mid",0.1622614,3.309472419,0.426171276,0.594296971,"March",-17.54606,-149.90274,19,5.9,814.2,-10.2,0.751077203,32.18563466,42.85263158
"VRC","Day","Mid",0.20068617,2.159370619,0.581803177,0.405878908,"March",-17.54606,-149.90274,19,5.9,814.2,-10.2,0.751077203,32.18563466,42.85263158
"VRC","Day","Mid",0.164488923,0.887786505,0.419353971,0.265345437,"March",-17.54606,-149.90274,19,5.9,814.2,-10.2,0.751077203,32.18563466,42.85263158
"VSEEP","Day","Low",1.632472922,362.0551093,18.06521662,3.244931066,"March",-17.540302,-149.899331,33.4,7.7,820.5,-11.6,1.254271659,30.81227233,24.56586826
"VSEEP","Night","Low",1.356167268,317.7756759,14.62960347,4.17850056,"March",-17.540302,-149.899331,33.4,7.7,820.5,-11.6,1.254271659,30.81227233,24.56586826
"VSEEP","Night","Low",0.810377751,153.5596441,7.296705625,3.404006315,"March",-17.540302,-149.899331,33.4,7.7,820.5,-11.6,1.254271659,30.81227233,24.56586826
"VSEEP","Day","Low",1.577527357,309.2760646,13.72479785,4.325574659,"March",-17.540302,-149.899331,33.4,7.7,820.5,-11.6,1.254271659,30.81227233,24.56586826
"VSEEP","Day","Low",1.556087449,345.1656733,13.86780128,3.340640241,"March",-17.540302,-149.899331,33.4,7.7,820.5,-11.6,1.254271659,30.81227233,24.56586826
"VSEEP","Day","Mid",0.990389445,189.8636089,9.485011122,1.533026959,"March",-17.540302,-149.899331,33.4,7.7,820.5,-11.6,1.254271659,30.81227233,24.56586826
"VSEEP","Day","High",0.186100455,4.021024445,0.424243494,0.236324616,"March",-17.540302,-149.899331,33.4,7.7,820.5,-11.6,1.254271659,30.81227233,24.56586826
"VRC","Day","Low",0.178642974,0.847984607,0.565387824,0.213200438,"March",-17.54606,-149.90274,19,5.9,814.2,-10.2,0.751077203,32.18563466,42.85263158
"VRC","Day","High",0.18273313,1.202340848,0.384785142,0.294709303,"March",-17.54606,-149.90274,19,5.9,814.2,-10.2,0.751077203,32.18563466,42.85263158
"VRC","Night","Low",0.116086706,0.930011127,0.413523381,0.02,"March",-17.54606,-149.90274,19,5.9,814.2,-10.2,0.751077203,32.18563466,42.85263158
"VRC","Night","High",0.18026721,0.97327406,0.49515164,0.221841266,"March",-17.54606,-149.90274,19,5.9,814.2,-10.2,0.751077203,32.18563466,42.85263158
"VRC","Night","Low",0.174976843,1.745776984,1.492810434,0.092468864,"March",-17.54606,-149.90274,19,5.9,814.2,-10.2,0.751077203,32.18563466,42.85263158
"VRC","Night","High",0.151541446,0.935202679,0.352885245,0.218900984,"March",-17.54606,-149.90274,19,5.9,814.2,-10.2,0.751077203,32.18563466,42.85263158
"CRC","Night","High",0.17754563,2.493573465,0.380194908,0.394289277,"March",-17.5168,-149.92307,17.7,6.2,828.1,-11,0.733405155,34.31258805,46.78531073
"CPIT","Night","High",0.336082936,21.18450595,1.102071205,1.210785787,"March",-17.51652,-149.91379,NA,NA,NA,NA,NA,NA,NA
"CRC","Day","Low",0.208397608,3.656957761,0.472882313,0.522735588,"March",-17.5168,-149.92307,17.7,6.2,828.1,-11,0.733405155,34.31258805,46.78531073
"CPIT","Day","High",0.170355935,2.212090369,0.684511262,0.349952479,"March",-17.51652,-149.91379,NA,NA,NA,NA,NA,NA,NA
"CPIT_Bottom","Day","Mid",0.132541784,1.427580548,0.148652943,1.982530582,"March",-17.51652,-149.91379,NA,NA,NA,NA,NA,NA,NA
"CRC","Day","High",0.183279183,3.128565259,0.277179478,0.250076136,"March",-17.5168,-149.92307,17.7,6.2,828.1,-11,0.733405155,34.31258805,46.78531073
"CSEEP","Night","Mid",0.207259998,8.750703982,0.381783835,0.780932234,"March",-17.516384,-149.912515,15,5.3,547,-9.5,0.763708569,27.84990581,36.46666667
"CSEEP","Day","Low",0.238066473,12.17463073,0.327407224,0.862670795,"March",-17.516384,-149.912515,15,5.3,547,-9.5,0.763708569,27.84990581,36.46666667
"C1","Day","Low",0.148525009,3.528902013,0.528879361,0.679145104,"March",-17.517048,-149.912693,21.3,3,680.6,-8.6,0.900824699,28.78409812,31.95305164
"C2","Day","Low",0.193353907,2.489553321,0.74272746,0.62579999,"March",-17.51706904,-149.912949,17.6,2.6,772.1,-9.7,0.676584785,29.68131319,43.86931818
"C3","Day","Low",0.221940451,2.031658442,1.19186229,0.793396057,"March",-17.51697499,-149.913111,19.5,2.9,819.9,-9.3,0.767444606,32.26809398,42.04615385
"C4","Day","Low",0.23306099,4.971918459,0.345150242,0.912638604,"March",-17.51679302,-149.912772,NA,NA,NA,NA,NA,NA,NA
"C5","Day","Low",0.163166241,6.271296536,0.463260478,1.029704346,"March",-17.51659596,-149.912877,15,2.9,858.7,-8,0.545633116,31.23567713,57.24666667
"C6","Day","Low",0.192653088,1.269983588,0.50174782,0.599376603,"March",-17.51653796,-149.913134,19.9,3.1,890.4,-8.7,0.687724634,30.77135748,44.74371859
"C7","Day","Low",0.217452983,2.270458668,0.64298577,0.486637847,"March",-17.51630402,-149.913229,13.3,3,695.2,-8.2,0.577332118,30.17754048,52.27067669
"C8","Day","Low",0.211400898,5.348380409,0.632657745,0.815073939,"March",-17.51632397,-149.91291,10.7,3.1,524.9,-8.6,0.662661795,32.50758655,49.05607477
"C9","Day","Low",0.162210649,6.209320204,0.434659793,0.577978764,"March",-17.51639103,-149.913111,16.3,2.9,817,-8.7,0.616700087,30.91067307,50.12269939
"C10","Day","Low",0.167443654,6.167884599,0.343384767,0.894382275,"March",-17.51588602,-149.912912,16.6,3.1,830.2,-9.4,0.648234927,32.41955639,50.01204819
"C11","Day","Low",0.249897615,3.055256111,1.156297447,0.965451554,"March",-17.51598098,-149.913194,24.8,2.7,916.4,-8.9,0.799509978,29.54318321,36.9516129
"C12","Day","Low",0.277882817,2.035302755,1.973447265,0.92289297,"March",-17.51595701,-149.913303,17.8,2.7,727.7,-9.2,0.753407263,30.80081266,40.88202247
"C13","Day","Low",0.223050023,5.346609657,1.164595177,1.098402673,"March",-17.51557102,-149.913136,15.9,2.6,671.5,-9.7,0.715635971,30.22324242,42.2327044
"C14","Day","Low",0.206167893,5.100120929,0.72154938,1.017612492,"March",-17.51652597,-149.913031,15.8,3.2,814.3,-9,0.589112603,30.3616704,51.53797468
"C15","Day","Low",0.242252877,1.683631338,1.236714805,0.774708485,"March",-17.51721597,-149.913056,21.4,3.1,810.5,-9.5,0.83698373,31.69978098,37.87383178
"C16","Day","Low",0.217316469,2.831433014,0.648017372,0.826750876,"March",-17.51723299,-149.912976,13.6,3.3,733.8,-9,0.553520554,29.86568987,53.95588235
"C17","Day","Low",0.208761643,3.620834413,0.413738922,1.263361642,"March",-17.51721203,-149.912771,22.3,3,893.2,-9.6,0.773472998,30.98054178,40.05381166
"C18","Day","Low",0.263230402,2.854452794,1.167508209,1.09709865,"March",-17.51757103,-149.912982,29.1,3.3,1094.9,-8.8,0.827339152,31.12899099,37.62542955
"C19","Day","Low",0.278201348,3.585773516,1.118251474,0.821060592,"March",-17.51770397,-149.912893,20.5,3,792,-9.8,0.848650439,32.78688525,38.63414634
"C20","Day","Low",0.152472709,3.923633066,0.238956958,0.880452934,"March",-17.51692303,-149.912724,21,3.2,759.5,-8.7,0.875,31.64583333,36.16666667
"CPIT","Day","Low",0.209262192,1.714442429,0.493626637,0.681233712,"March",-17.51652,-149.91379,NA,NA,NA,NA,NA,NA,NA
"CPIT","Night","High",0.21276603,1.162243098,0.76084714,0.593271402,"March",-17.51652,-149.91379,NA,NA,NA,NA,NA,NA,NA
"CPIT","Night","Low",0.31333074,31.95889263,1.155502984,0.835819767,"March",-17.51652,-149.91379,NA,NA,NA,NA,NA,NA,NA
"CRC","Night","High",0.164804399,1.208007256,0.231806786,0.02,"March",-17.5168,-149.92307,17.7,6.2,828.1,-11,0.733405155,34.31258805,46.78531073
"CSEEP","Day","Mid",0.159662403,10.89048113,0.305780163,0.352619799,"March",-17.516384,-149.912515,15,5.3,547,-9.5,0.763708569,27.84990581,36.46666667
"CSEEP","Day","High",0.139959001,7.135777835,0.38354931,0.438803896,"March",-17.516384,-149.912515,15,5.3,547,-9.5,0.763708569,27.84990581,36.46666667
"C1","Day","High",0.147012182,3.416135441,0.429010275,0.637430379,"March",-17.517048,-149.912693,21.3,3,680.6,-8.6,0.900824699,28.78409812,31.95305164
"C2","Day","High",0.17299519,1.892225965,0.596024152,0.545496725,"March",-17.51706904,-149.912949,17.6,2.6,772.1,-9.7,0.676584785,29.68131319,43.86931818
"C3","Day","High",0.198295633,1.196674441,1.061932841,0.329858663,"March",-17.51697499,-149.913111,19.5,2.9,819.9,-9.3,0.767444606,32.26809398,42.04615385
"C4","Day","High",0.155339486,3.071547033,0.443222344,0.259856312,"March",-17.51679302,-149.912772,NA,NA,NA,NA,NA,NA,NA
"C5","Day","High",0.180230389,1.968014166,0.535380107,0.564760708,"March",-17.51659596,-149.912877,15,2.9,858.7,-8,0.545633116,31.23567713,57.24666667
"C6","Day","High",0.211673925,0.922207826,0.539882066,0.349715384,"March",-17.51653796,-149.913134,19.9,3.1,890.4,-8.7,0.687724634,30.77135748,44.74371859
"C7","Day","High",0.201071401,0.881834672,0.592758024,0.480710468,"March",-17.51630402,-149.913229,13.3,3,695.2,-8.2,0.577332118,30.17754048,52.27067669
"C8","Day","High",0.161482579,2.299499007,0.553564493,0.270940512,"March",-17.51632397,-149.91291,10.7,3.1,524.9,-8.6,0.662661795,32.50758655,49.05607477
"C9","Day","High",0.187010543,1.006141487,0.596288973,0.248712839,"March",-17.51639103,-149.913111,16.3,2.9,817,-8.7,0.616700087,30.91067307,50.12269939
"C10","Day","High",0.139594965,3.184521033,0.455139296,0.248594291,"March",-17.51588602,-149.912912,16.6,3.1,830.2,-9.4,0.648234927,32.41955639,50.01204819
"C11","Day","High",0.193335654,2.355808932,0.760566364,0.274556213,"March",-17.51598098,-149.913194,24.8,2.7,916.4,-8.9,0.799509978,29.54318321,36.9516129
"C12","Day","High",0.206713946,1.807229852,0.811941669,0.328851008,"March",-17.51595701,-149.913303,17.8,2.7,727.7,-9.2,0.753407263,30.80081266,40.88202247
"C13","Day","High",0.146329616,4.128332038,0.642632675,0.298384278,"March",-17.51557102,-149.913136,15.9,2.6,671.5,-9.7,0.715635971,30.22324242,42.2327044
"C14","Day","High",0.183916245,1.144260171,0.493803185,0.276156605,"March",-17.51652597,-149.913031,15.8,3.2,814.3,-9,0.589112603,30.3616704,51.53797468
"C15","Day","High",0.19474629,1.736753909,0.740881325,0.275682415,"March",-17.51721597,-149.913056,21.4,3.1,810.5,-9.5,0.83698373,31.69978098,37.87383178
"C16","Day","High",0.171630058,2.106841151,0.642897497,0.27200744,"March",-17.51723299,-149.912976,13.6,3.3,733.8,-9,0.553520554,29.86568987,53.95588235
"C17","Day","High",0.138138825,4.435380496,0.381607288,0.242370543,"March",-17.51721203,-149.912771,22.3,3,893.2,-9.6,0.773472998,30.98054178,40.05381166
"C18","Day","High",0.207305503,1.283087156,0.780339677,0.229330308,"March",-17.51757103,-149.912982,29.1,3.3,1094.9,-8.8,0.827339152,31.12899099,37.62542955
"C19","Day","High",0.187465587,1.537721344,0.671321634,0.256892622,"March",-17.51770397,-149.912893,20.5,3,792,-9.8,0.848650439,32.78688525,38.63414634
"C20","Day","High",0.144281918,3.225956638,0.32113979,0.18920195,"March",-17.51692303,-149.912724,21,3.2,759.5,-8.7,0.875,31.64583333,36.16666667
"CPIT_Bottom","Day","High",0.188876223,2.222648354,0.150418417,0.208940123,"March",-17.51652,-149.91379,NA,NA,NA,NA,NA,NA,NA
"CPIT","Day","High",0.189922825,1.28662866,0.326789308,0.2334202,"March",-17.51652,-149.91379,NA,NA,NA,NA,NA,NA,NA
"CRC","Day","High",0.181914051,2.231502116,0.240016242,0.062059662,"March",-17.5168,-149.92307,17.7,6.2,828.1,-11,0.733405155,34.31258805,46.78531073
"CSPRING_ROAD","Day",NA,4.060162496,737.4880282,19.76572155,0.888929086,"March",-17.568023,-149.867636,NA,NA,NA,NA,NA,NA,NA
"CSEEP","Day","Mid",0.122621827,8.253476721,0.169485541,0.07201766,"March",-17.516384,-149.912515,15,5.3,547,-9.5,0.763708569,27.84990581,36.46666667
"CSPRING_BEACH","Day","Low",3.96159998,603.3548484,18.17052717,0.441174847,"March",-17.516384,-149.912515,NA,NA,NA,NA,NA,NA,NA
"CSEEP","Night","Low",0.388139962,42.28698281,1.723102998,0.34029085,"March",-17.516384,-149.912515,15,5.3,547,-9.5,0.763708569,27.84990581,36.46666667
"C1","Night","Low",0.150379507,6.538680142,2.51686028,0.629902607,"March",-17.517048,-149.912693,21.3,3,680.6,-8.6,0.900824699,28.78409812,31.95305164
"C2","Night","Low",0.164667886,4.689660534,0.683768229,0.407507333,"March",-17.51706904,-149.912949,17.6,2.6,772.1,-9.7,0.676584785,29.68131319,43.86931818
"C3","Night","Low",0.205985875,1.671944372,0.952826524,0.417643151,"March",-17.51697499,-149.913111,19.5,2.9,819.9,-9.3,0.767444606,32.26809398,42.04615385
"C4","Night","Low",0.136910206,4.584123694,0.497598955,0.426297125,"March",-17.51679302,-149.912772,NA,NA,NA,NA,NA,NA,NA
"C5","Night","Low",0.173541243,4.80688434,0.639454822,0.382197423,"March",-17.51659596,-149.912877,15,2.9,858.7,-8,0.545633116,31.23567713,57.24666667
"C6","Night","Low",0.223596076,1.774293859,0.569806857,0.276393701,"March",-17.51653796,-149.913134,19.9,3.1,890.4,-8.7,0.687724634,30.77135748,44.74371859
"C7","Night","Low",0.181641025,4.329135355,0.700540235,0.358606453,"March",-17.51630402,-149.913229,13.3,3,695.2,-8.2,0.577332118,30.17754048,52.27067669
"C8","Night","Low",0.159707907,3.725308802,0.51242894,0.592026653,"March",-17.51632397,-149.91291,10.7,3.1,524.9,-8.6,0.662661795,32.50758655,49.05607477
"C9","Night","Low",0.18428028,3.896009329,0.744765368,0.350960133,"March",-17.51639103,-149.913111,16.3,2.9,817,-8.7,0.616700087,30.91067307,50.12269939
"C10","Night","Low",0.166670079,5.150764447,0.45452138,0.666178169,"March",-17.51588602,-149.912912,16.6,3.1,830.2,-9.4,0.648234927,32.41955639,50.01204819
"C11","Night","Low",0.20116241,4.713742766,0.842660923,0.516689661,"March",-17.51598098,-149.913194,24.8,2.7,916.4,-8.9,0.799509978,29.54318321,36.9516129
"C12","Night","Low",0.199205721,2.762373672,0.94037993,0.303778193,"March",-17.51595701,-149.913303,17.8,2.7,727.7,-9.2,0.753407263,30.80081266,40.88202247
"C13","Night","Low",0.177409116,5.229031701,0.842396102,0.391562682,"March",-17.51557102,-149.913136,15.9,2.6,671.5,-9.7,0.715635971,30.22324242,42.2327044
"C14","Night","Low",0.185144863,2.694022631,0.635217683,0.271296154,"March",-17.51652597,-149.913031,15.8,3.2,814.3,-9,0.589112603,30.3616704,51.53797468
"C15","Night","Low",0.207214494,1.546220955,0.83047915,0.371172497,"March",-17.51721597,-149.913056,21.4,3.1,810.5,-9.5,0.83698373,31.69978098,37.87383178
"C16","Night","Low",0.206076884,2.612922173,0.732318774,0.331044139,"March",-17.51723299,-149.912976,13.6,3.3,733.8,-9,0.553520554,29.86568987,53.95588235
"C17","Night","Low",0.185372385,4.369508508,0.530171957,0.325531676,"March",-17.51721203,-149.912771,22.3,3,893.2,-9.6,0.773472998,30.98054178,40.05381166
"C18","Night","Low",0.211992455,1.345063488,0.663200452,0.203546208,"March",-17.51757103,-149.912982,29.1,3.3,1094.9,-8.8,0.827339152,31.12899099,37.62542955
"C19","Night","Low",0.236519323,1.379416084,0.605204618,0.269458667,"March",-17.51770397,-149.912893,20.5,3,792,-9.8,0.848650439,32.78688525,38.63414634
"C20","Night","Low",0.129219964,5.129515419,0.424508315,0.253158373,"March",-17.51692303,-149.912724,21,3.2,759.5,-8.7,0.875,31.64583333,36.16666667
"CRC","Night","Low",0.182096069,1.19632029,0.268616927,0.048248868,"March",-17.5168,-149.92307,17.7,6.2,828.1,-11,0.733405155,34.31258805,46.78531073
"CPIT","Night","Low",0.173541243,1.690360197,0.417622965,0.312669262,"March",-17.51652,-149.91379,NA,NA,NA,NA,NA,NA,NA
"CPIT_Bottom","Night","Low",0.122212287,1.927286862,0.095159069,0.330155032,"March",-17.51652,-149.91379,NA,NA,NA,NA,NA,NA,NA
"CSEEP","Night","Mid",0.184871837,8.563004233,0.545796405,0.586810559,"March",-17.516384,-149.912515,15,5.3,547,-9.5,0.763708569,27.84990581,36.46666667
"CSEEP","Night","High",0.238567021,8.679519737,0.367836588,0.189735414,"March",-17.516384,-149.912515,15,5.3,547,-9.5,0.763708569,27.84990581,36.46666667
"C1","Night","High",0.160709004,2.847369785,0.666643127,0.27935739,"March",-17.517048,-149.912693,21.3,3,680.6,-8.6,0.900824699,28.78409812,31.95305164
"C2","Night","High",0.191378965,1.23350609,0.764803503,0.513607424,"March",-17.51706904,-149.912949,17.6,2.6,772.1,-9.7,0.676584785,29.68131319,43.86931818
"C3","Night","High",0.208443113,1.186404077,0.908071749,0.446628037,"March",-17.51697499,-149.913111,19.5,2.9,819.9,-9.3,0.767444606,32.26809398,42.04615385
"C4","Night","High",0.143462839,3.128565259,0.456639949,0.2248255,"March",-17.51679302,-149.912772,NA,NA,NA,NA,NA,NA,NA
"C5","Night","High",0.153064266,3.03152803,0.422036651,1.135152426,"March",-17.51659596,-149.912877,15,2.9,858.7,-8,0.545633116,31.23567713,57.24666667
"C6","Night","High",0.219773707,1.238464196,0.730729847,0.27372638,"March",-17.51653796,-149.913134,19.9,3.1,890.4,-8.7,0.687724634,30.77135748,44.74371859
"C7","Night","High",0.173632252,1.486369526,0.672204371,0.641460997,"March",-17.51630402,-149.913229,13.3,3,695.2,-8.2,0.577332118,30.17754048,52.27067669
"C8","Night","High",0.183825236,3.319098212,0.394671798,1.471531206,"March",-17.51632397,-149.91291,10.7,3.1,524.9,-8.6,0.662661795,32.50758655,49.05607477
"C9","Night","High",0.193927211,1.927995163,0.618975319,0.1424942,"March",-17.51639103,-149.913111,16.3,2.9,817,-8.7,0.616700087,30.91067307,50.12269939
"C10","Night","High",0.179911858,4.314615185,0.479502842,0.282380354,"March",-17.51588602,-149.912912,16.6,3.1,830.2,-9.4,0.648234927,32.41955639,50.01204819
"C11","Night","High",0.206577433,2.201399326,0.86799548,0.14670264,"March",-17.51598098,-149.913194,24.8,2.7,916.4,-8.9,0.799509978,29.54318321,36.9516129
"C12","Night","High",0.210945854,1.332314071,0.855548886,0.151207448,"March",-17.51595701,-149.913303,17.8,2.7,727.7,-9.2,0.753407263,30.80081266,40.88202247
"C13","Night","High",0.205439823,2.834266218,0.764626955,0.225181143,"March",-17.51557102,-149.913136,15.9,2.6,671.5,-9.7,0.715635971,30.22324242,42.2327044
"C14","Night","High",0.189240259,1.949598342,0.554535504,0.265309501,"March",-17.51652597,-149.913031,15.8,3.2,814.3,-9,0.589112603,30.3616704,51.53797468
"C15","Night","High",0.213994649,1.070596873,0.755534762,0.172605288,"March",-17.51721597,-149.913056,21.4,3.1,810.5,-9.5,0.83698373,31.69978098,37.87383178
"C16","Night","High",0.189376772,1.312127494,0.509427633,0.228204106,"March",-17.51723299,-149.912976,13.6,3.3,733.8,-9,0.553520554,29.86568987,53.95588235
"C17","Night","High",0.181595521,2.110028505,0.381695562,0.448346977,"March",-17.51721203,-149.912771,22.3,3,893.2,-9.6,0.773472998,30.98054178,40.05381166
"C18","Night","High",0.205075788,1.085825343,0.650489036,0.22826338,"March",-17.51757103,-149.912982,29.1,3.3,1094.9,-8.8,0.827339152,31.12899099,37.62542955
"C19","Night","High",0.21877261,1.020307506,0.626037216,0.285403317,"March",-17.51770397,-149.912893,20.5,3,792,-9.8,0.848650439,32.78688525,38.63414634
"C20","Night","High",0.172540146,2.675960957,0.321051517,0.212733646,"March",-17.51692303,-149.912724,21,3.2,759.5,-8.7,0.875,31.64583333,36.16666667
"CPIT","Night","High",0.184371289,1.40703982,0.376399138,0.292101256,"March",-17.51652,-149.91379,NA,NA,NA,NA,NA,NA,NA
"CRC","Night","High",0.176271507,1.118761337,0.29739416,0.092882035,"March",-17.5168,-149.92307,17.7,6.2,828.1,-11,0.733405155,34.31258805,46.78531073
"CRC","Day","Low",0.198705172,2.361475339,0.373927474,0.182978202,"March",-17.5168,-149.92307,17.7,6.2,828.1,-11,0.733405155,34.31258805,46.78531073
"CPIT_Bottom","Day","Low",0.180639928,2.530759264,0.410737615,0.661673361,"March",-17.51652,-149.91379,NA,NA,NA,NA,NA,NA,NA
"CPIT","Day","Low",0.158888828,1.464766347,0.317697115,0.212140908,"March",-17.51652,-149.91379,NA,NA,NA,NA,NA,NA,NA
"CSPRING_BEACH2","Day","High",1.847374852,650.7339043,32.49964691,5.412764305,"March",-17.516384,-149.912515,NA,NA,NA,NA,NA,NA,NA
"C1","Day","Low",0.23,5.65,0.55,0.39,"August",-17.517048,-149.912693,15.6,3.5,756,-9.6,0.638899128,30.96203465,48.46153846
"C2","Day","Low",0.22,7.49,0.39,0.54,"August",-17.51706904,-149.912949,17.5,3.5,736.3,-9,0.677113562,28.48906945,42.07428571
"C3","Day","Low",0.28,5.39,0.69,0.37,"August",-17.51697499,-149.913111,20,3.2,789.1,-8.8,0.769497134,30.36050941,39.455
"C4","Day","Low",0.22,8.33,0.25,0.47,"August",-17.51679302,-149.912772,16.2,3.5,700.8,-8.8,0.629688654,27.23986473,43.25925926
"C5","Day","Low",0.23,8.28,0.4,0.42,"August",-17.51659596,-149.912877,16,3.5,779.4,-8.6,0.590951062,28.7867036,48.7125
"C6","Day","Low",0.21,1.91,0.44,0.26,"August",-17.51653796,-149.913134,14.3,3.4,680.7,-10.5,0.576961872,27.46419205,47.6013986
"C7","Day","Low",0.22,2.38,0.61,0.29,"August",-17.51630402,-149.913229,19.5,3.6,766.3,-9.2,0.715543813,28.11903713,39.2974359
"C8","Day","Low",0.23,6.2,0.44,0.35,"August",-17.51632397,-149.91291,13.8,3.4,660.1,-8.6,0.582106551,27.84409668,47.83333333
"C9","Day","Low",0.25,5.46,0.7,0.4,"August",-17.51639103,-149.913111,17,3.2,756.9,-9.7,0.649673253,28.92574617,44.52352941
"C10","Day","Low",0.24,6.79,0.31,0.32,"August",-17.51588602,-149.912912,14.5,3.1,716.9,-8.3,0.56603037,27.98532225,49.44137931
"C11","Day","Low",0.24,3.62,0.7,0.36,"August",-17.51598098,-149.913194,20.2,3.1,755.5,-9.4,0.771994191,28.87334709,37.4009901
"C12","Day","Low",0.25,4.12,1.02,0.28,"August",-17.51595701,-149.913303,21.6,3.3,737.1,-9.3,0.856700908,29.23491849,34.125
"C13","Day","Low",0.29,5.63,0.74,0.48,"August",-17.51557102,-149.913136,19,3.2,716.8,-9,0.751968971,28.36901888,37.72631579
"C14","Day","Low",0.23,2.51,0.58,0.34,"August",-17.51652597,-149.913031,16.2,3.4,773.4,-9,0.614171437,29.32099936,47.74074074
"C15","Day","Low",0.23,2.11,0.68,0.24,"August",-17.51721597,-149.913056,24.6,3,858,-10.2,0.958205118,33.42032485,34.87804878
"C16","Day","Low",0.21,8.53,0.32,1.01,"August",-17.51723299,-149.912976,21.2,3.3,713.7,-9.3,0.841670637,28.33492139,33.66509434
"C17","Day","Low",0.26,8.92,0.35,0.51,"August",-17.51721203,-149.912771,18.8,3.4,746.3,-8.4,0.736705984,29.24487637,39.69680851
"C18","Day","Low",0.23,4.33,0.68,0.45,"August",-17.51757103,-149.912982,19.3,3,697.4,-10.4,0.763781709,27.59903439,36.13471503
"C19","Day","Low",0.24,3.88,0.67,0.39,"August",-17.51770397,-149.912893,21.9,3.5,743.5,-8.9,0.843410614,28.63359778,33.94977169
"C20","Day","Low",0.2,6.38,0.2,0.45,"August",-17.51692303,-149.912724,21.8,3.7,686.9,-9.1,0.862717163,27.18350548,31.50917431
"CSEEP","Day","Low",4.24,778.05,18.24,0.18,"August",-17.516384,-149.912515,15.1,3.5,746.9,-8.2,0.591044309,29.23516518,49.46357616
"C1","Day","High",0.21,4.67,0.38,0.16,"August",-17.517048,-149.912693,15.6,3.5,756,-9.6,0.638899128,30.96203465,48.46153846
"C2","Day","High",0.23,4.42,0.42,0.22,"August",-17.51706904,-149.912949,17.5,3.5,736.3,-9,0.677113562,28.48906945,42.07428571
"C3","Day","High",0.21,2.72,0.66,0.19,"August",-17.51697499,-149.913111,20,3.2,789.1,-8.8,0.769497134,30.36050941,39.455
"C4","Day","High",0.2,4.53,0.32,0.22,"August",-17.51679302,-149.912772,16.2,3.5,700.8,-8.8,0.629688654,27.23986473,43.25925926
"C5","Day","High",0.2,4.61,0.37,0.21,"August",-17.51659596,-149.912877,16,3.5,779.4,-8.6,0.590951062,28.7867036,48.7125
"C6","Day","High",0.21,1.32,0.5,0.22,"August",-17.51653796,-149.913134,14.3,3.4,680.7,-10.5,0.576961872,27.46419205,47.6013986
"C7","Day","High",0.18,1.53,0.42,0.21,"August",-17.51630402,-149.913229,19.5,3.6,766.3,-9.2,0.715543813,28.11903713,39.2974359
"C8","Day","High",0.21,3.79,0.41,0.16,"August",-17.51632397,-149.91291,13.8,3.4,660.1,-8.6,0.582106551,27.84409668,47.83333333
"C9","Day","High",0.2,1.75,0.39,0.22,"August",-17.51639103,-149.913111,17,3.2,756.9,-9.7,0.649673253,28.92574617,44.52352941
"C10","Day","High",0.2,3.79,0.38,0.18,"August",-17.51588602,-149.912912,14.5,3.1,716.9,-8.3,0.56603037,27.98532225,49.44137931
"C11","Day","High",0.2,2.31,0.53,0.18,"August",-17.51598098,-149.913194,20.2,3.1,755.5,-9.4,0.771994191,28.87334709,37.4009901
"C12","Day","High",0.21,1.86,0.62,0.23,"August",-17.51595701,-149.913303,21.6,3.3,737.1,-9.3,0.856700908,29.23491849,34.125
"C13","Day","High",0.23,6.18,0.58,0.3,"August",-17.51557102,-149.913136,19,3.2,716.8,-9,0.751968971,28.36901888,37.72631579
"C14","Day","High",0.2,1.74,0.41,0.27,"August",-17.51652597,-149.913031,16.2,3.4,773.4,-9,0.614171437,29.32099936,47.74074074
"C15","Day","High",0.19,2.39,0.55,0.2,"August",-17.51721597,-149.913056,24.6,3,858,-10.2,0.958205118,33.42032485,34.87804878
"C16","Day","High",0.21,3.37,0.43,0.19,"August",-17.51723299,-149.912976,21.2,3.3,713.7,-9.3,0.841670637,28.33492139,33.66509434
"C17","Day","High",0.2,5.5,0.42,0.23,"August",-17.51721203,-149.912771,18.8,3.4,746.3,-8.4,0.736705984,29.24487637,39.69680851
"C18","Day","High",0.21,2.53,0.57,0.19,"August",-17.51757103,-149.912982,19.3,3,697.4,-10.4,0.763781709,27.59903439,36.13471503
"C19","Day","High",0.21,2.5,0.69,0.29,"August",-17.51770397,-149.912893,21.9,3.5,743.5,-8.9,0.843410614,28.63359778,33.94977169
"C20","Day","High",0.19,5.39,0.37,0.24,"August",-17.51692303,-149.912724,21.8,3.7,686.9,-9.1,0.862717163,27.18350548,31.50917431
"CSEEP","Day","High",0.36,20.18,0.74,0.11,"August",-17.516384,-149.912515,15.1,3.5,746.9,-8.2,0.591044309,29.23516518,49.46357616
"C1","Night","High",0.17,6.09,0.08,0.02,"August",-17.517048,-149.912693,15.6,3.5,756,-9.6,0.638899128,30.96203465,48.46153846
"C2","Night","High",0.23,15.83,0.5,0.03,"August",-17.51706904,-149.912949,17.5,3.5,736.3,-9,0.677113562,28.48906945,42.07428571
"C3","Night","High",0.19,2.92,0.38,0.02,"August",-17.51697499,-149.913111,20,3.2,789.1,-8.8,0.769497134,30.36050941,39.455
"C4","Night","High",0.2,5.05,0.52,0.03,"August",-17.51679302,-149.912772,16.2,3.5,700.8,-8.8,0.629688654,27.23986473,43.25925926
"C5","Night","High",0.17,4.63,0.12,0.02,"August",-17.51659596,-149.912877,16,3.5,779.4,-8.6,0.590951062,28.7867036,48.7125
"C6","Night","High",0.14,1.63,0.04,0.02,"August",-17.51653796,-149.913134,14.3,3.4,680.7,-10.5,0.576961872,27.46419205,47.6013986
"C8","Night","High",0.17,4.38,0.31,0.08,"August",-17.51632397,-149.91291,13.8,3.4,660.1,-8.6,0.582106551,27.84409668,47.83333333
"C9","Night","High",0.19,3.4,0.32,0.03,"August",-17.51639103,-149.913111,17,3.2,756.9,-9.7,0.649673253,28.92574617,44.52352941
"C10","Night","High",0.23,4.62,0.49,0.31,"August",-17.51588602,-149.912912,14.5,3.1,716.9,-8.3,0.56603037,27.98532225,49.44137931
"C11","Night","High",0.22,3.24,0.57,0.05,"August",-17.51598098,-149.913194,20.2,3.1,755.5,-9.4,0.771994191,28.87334709,37.4009901
"C12","Night","High",0.21,4.61,0.67,0.14,"August",-17.51595701,-149.913303,21.6,3.3,737.1,-9.3,0.856700908,29.23491849,34.125
"C13","Night","High",0.2,4.41,0.44,0.02,"August",-17.51557102,-149.913136,19,3.2,716.8,-9,0.751968971,28.36901888,37.72631579
"C16","Night","High",0.18,3.2,0.3,0.02,"August",-17.51723299,-149.912976,21.2,3.3,713.7,-9.3,0.841670637,28.33492139,33.66509434
"C17","Night","High",0.21,5.21,0.36,0.07,"August",-17.51721203,-149.912771,18.8,3.4,746.3,-8.4,0.736705984,29.24487637,39.69680851
"C18","Night","High",0.2,1.62,0.6,0.08,"August",-17.51757103,-149.912982,19.3,3,697.4,-10.4,0.763781709,27.59903439,36.13471503
"C19","Night","High",0.21,1.51,0.57,0.12,"August",-17.51770397,-149.912893,21.9,3.5,743.5,-8.9,0.843410614,28.63359778,33.94977169
"C20","Night","High",0.2,5.75,0.37,0.17,"August",-17.51692303,-149.912724,21.8,3.7,686.9,-9.1,0.862717163,27.18350548,31.50917431
"C1","Night","Low",0.13,3.51,0.11,0.02,"August",-17.517048,-149.912693,15.6,3.5,756,-9.6,0.638899128,30.96203465,48.46153846
"C3","Night","Low",0.19,2.03,0.72,0.02,"August",-17.51697499,-149.913111,20,3.2,789.1,-8.8,0.769497134,30.36050941,39.455
"C4","Night","Low",0.12,2.54,0.06,0.03,"August",-17.51679302,-149.912772,16.2,3.5,700.8,-8.8,0.629688654,27.23986473,43.25925926
"C5","Night","Low",0.11,2.86,0.03,0.02,"August",-17.51659596,-149.912877,16,3.5,779.4,-8.6,0.590951062,28.7867036,48.7125
"C6","Night","Low",0.07,1.3,0.03,0.02,"August",-17.51653796,-149.913134,14.3,3.4,680.7,-10.5,0.576961872,27.46419205,47.6013986
"C8","Night","Low",0.18,2.75,0.34,0.02,"August",-17.51632397,-149.91291,13.8,3.4,660.1,-8.6,0.582106551,27.84409668,47.83333333
"C9","Night","Low",0.18,1.84,0.49,0.02,"August",-17.51639103,-149.913111,17,3.2,756.9,-9.7,0.649673253,28.92574617,44.52352941
"C10","Night","Low",0.17,3.33,0.36,0.32,"August",-17.51588602,-149.912912,14.5,3.1,716.9,-8.3,0.56603037,27.98532225,49.44137931
"C11","Night","Low",0.17,1.93,0.38,0.02,"August",-17.51598098,-149.913194,20.2,3.1,755.5,-9.4,0.771994191,28.87334709,37.4009901
"C12","Night","Low",0.15,2.02,0.24,0.02,"August",-17.51595701,-149.913303,21.6,3.3,737.1,-9.3,0.856700908,29.23491849,34.125
"C13","Night","Low",0.22,5.71,0.75,0.02,"August",-17.51557102,-149.913136,19,3.2,716.8,-9,0.751968971,28.36901888,37.72631579
"C16","Night","Low",0.18,2.25,0.53,0.07,"August",-17.51723299,-149.912976,21.2,3.3,713.7,-9.3,0.841670637,28.33492139,33.66509434
"C17","Night","Low",0.12,4.02,0.09,0.02,"August",-17.51721203,-149.912771,18.8,3.4,746.3,-8.4,0.736705984,29.24487637,39.69680851
"C18","Night","Low",0.17,1.88,0.43,0.02,"August",-17.51757103,-149.912982,19.3,3,697.4,-10.4,0.763781709,27.59903439,36.13471503
"C19","Night","Low",0.2,2.63,0.67,0.1,"August",-17.51770397,-149.912893,21.9,3.5,743.5,-8.9,0.843410614,28.63359778,33.94977169
"C20","Night","Low",0.22,3.01,0.66,0.09,"August",-17.51692303,-149.912724,21.8,3.7,686.9,-9.1,0.862717163,27.18350548,31.50917431
"V1","Day","High",0.2,1.69,0.5,0.35,"August",-17.53975298,-149.900506,25.2,4.6,870.3,-9.8,0.946727778,32.69592005,34.53571429
"V2","Day","High",0.2,1.29,0.57,0.26,"August",-17.53989003,-149.900519,26.4,4.4,849.9,-13.1,1.048576081,33.75700044,32.19318182
"V3","Day","High",0.2,1.56,0.48,0.34,"August",-17.54012598,-149.90056,27.5,4,892.4,-10.4,1.080889867,35.07585882,32.45090909
"V4","Day","High",0.21,0.84,0.4,0.32,"August",-17.54024902,-149.900454,30.9,3.9,912.8,-12.1,1.16017121,34.27198318,29.54045307
"V5","Day","High",0.2,0.86,0.47,0.24,"August",-17.54025003,-149.900336,25.7,4.1,887.6,-10.3,0.974888097,33.66967605,34.53696498
"V6","Day","High",0.21,2.13,0.45,0.4,"August",-17.54002498,-149.900106,26.6,4.9,833.8,-10.3,1.074096507,33.66848375,31.34586466
"V7","Day","High",0.21,2.84,0.57,0.36,"August",-17.54004803,-149.899985,24.9,4.8,780.1,-10.5,0.994806233,31.16660008,31.32931727
"V8","Day","High",0.21,1.56,0.49,0.26,"August",-17.54014903,-149.899896,32.3,5.2,870.7,-11.4,1.263891063,34.07027704,26.95665635
"V9","Day","High",0.22,1.01,0.53,0.21,"August",-17.540245,-149.899765,23.1,3.6,885.6,-9.2,0.892029657,34.19833179,38.33766234
"V10","Day","High",0.21,1.01,0.46,0.26,"August",-17.54030501,-149.899788,24.9,4,838.2,-11.3,0.977659115,32.9105972,33.6626506
"V11","Day","High",0.21,1.13,0.51,0.36,"August",-17.54019303,-149.900068,30.9,4.5,876,-10.6,1.187867605,33.67546996,28.34951456
"V12","Day","High",0.22,0.88,0.44,0.26,"August",-17.54030996,-149.900112,27.2,3.8,846.5,-15.5,1.101526748,34.28097032,31.12132353
"V13","Day","High",0.22,1.63,0.53,0.35,"August",-17.540749,-149.899133,24.3,3.6,883.1,-11.3,0.949033392,34.48935755,36.34156379
"V14","Day","High",0.22,3.07,0.47,0.45,"August",-17.54039696,-149.899396,23,4.5,845,-10.4,0.892337536,32.78370514,36.73913043
"V15","Day","High",0.22,1.22,0.53,0.4,"August",-17.54014299,-149.900183,30.2,4.6,908.8,-10.8,1.139493642,34.29045768,30.09271523
"V16","Day","High",0.21,1.37,0.47,0.3,"August",-17.54029797,-149.900492,21.9,3.7,836.9,-10.5,0.876701361,33.50280224,38.21461187
"V17","Day","High",0.21,2.7,0.5,0.32,"August",-17.54031901,-149.899572,27.3,4.3,841.7,-10.2,1.079862347,33.29377794,30.83150183
"V18","Day","High",0.22,1.28,0.51,0.32,"August",-17.54019697,-149.899906,28.2,4.3,817.5,-11.4,1.167943674,33.8579416,28.9893617
"V19","Day","High",0.22,1.21,0.47,0.34,"August",-17.54050802,-149.89978,27.1,3.5,928.1,-9.5,1.03684432,35.50904848,34.24723247
"V20","Day","High",0.2,1.77,0.46,0.26,"August",-17.54045103,-149.899509,25.1,3.8,842.7,-12.9,0.988305705,33.18108438,33.57370518
"V1","Night","High",0.21,0.91,0.53,0.32,"August",-17.53975298,-149.900506,25.2,4.6,870.3,-9.8,0.946727778,32.69592005,34.53571429
"V2","Night","High",0.21,0.92,0.61,0.71,"August",-17.53989003,-149.900519,26.4,4.4,849.9,-13.1,1.048576081,33.75700044,32.19318182
"V3","Night","High",0.22,1.2,0.37,0.28,"August",-17.54012598,-149.90056,27.5,4,892.4,-10.4,1.080889867,35.07585882,32.45090909
"V4","Night","High",0.22,0.85,0.42,0.3,"August",-17.54024902,-149.900454,30.9,3.9,912.8,-12.1,1.16017121,34.27198318,29.54045307
"V5","Night","High",0.19,0.89,0.48,0.04,"August",-17.54025003,-149.900336,25.7,4.1,887.6,-10.3,0.974888097,33.66967605,34.53696498
"V6","Night","High",0.18,1.05,0.51,0.12,"August",-17.54002498,-149.900106,26.6,4.9,833.8,-10.3,1.074096507,33.66848375,31.34586466
"V7","Night","High",0.23,1.01,0.54,0.31,"August",-17.54004803,-149.899985,24.9,4.8,780.1,-10.5,0.994806233,31.16660008,31.32931727
"V8","Night","High",0.19,0.77,0.46,0.2,"August",-17.54014903,-149.899896,32.3,5.2,870.7,-11.4,1.263891063,34.07027704,26.95665635
"V9","Night","High",0.22,0.97,0.49,0.18,"August",-17.540245,-149.899765,23.1,3.6,885.6,-9.2,0.892029657,34.19833179,38.33766234
"V10","Night","High",0.22,0.88,0.45,0.3,"August",-17.54030501,-149.899788,24.9,4,838.2,-11.3,0.977659115,32.9105972,33.6626506
"V11","Night","High",0.21,0.66,0.34,1.02,"August",-17.54019303,-149.900068,30.9,4.5,876,-10.6,1.187867605,33.67546996,28.34951456
"V12","Night","High",0.24,0.85,0.5,0.51,"August",-17.54030996,-149.900112,27.2,3.8,846.5,-15.5,1.101526748,34.28097032,31.12132353
"V14","Night","High",0.22,1.45,0.47,0.32,"August",-17.54039696,-149.899396,23,4.5,845,-10.4,0.892337536,32.78370514,36.73913043
"V15","Night","High",0.18,0.65,0.4,0.47,"August",-17.54014299,-149.900183,30.2,4.6,908.8,-10.8,1.139493642,34.29045768,30.09271523
"V16","Night","High",0.19,0.66,0.32,0.86,"August",-17.54029797,-149.900492,21.9,3.7,836.9,-10.5,0.876701361,33.50280224,38.21461187
"V17","Night","High",0.21,1.25,0.51,0.33,"August",-17.54031901,-149.899572,27.3,4.3,841.7,-10.2,1.079862347,33.29377794,30.83150183
"V18","Night","High",0.21,0.88,0.47,0.32,"August",-17.54019697,-149.899906,28.2,4.3,817.5,-11.4,1.167943674,33.8579416,28.9893617
"V19","Night","High",0.2,0.7,0.33,0.44,"August",-17.54050802,-149.89978,27.1,3.5,928.1,-9.5,1.03684432,35.50904848,34.24723247
"V20","Night","High",0.19,0.75,0.38,0.43,"August",-17.54045103,-149.899509,25.1,3.8,842.7,-12.9,0.988305705,33.18108438,33.57370518
"VSEEP","Night","Low",1.07,164.27,12.7,1.1,"August",-17.540302,-149.899331,31.1,8,807.5,-12.1,1.249297019,32.43753515,25.96463023
"V1","Night","Low",0.23,5.11,0.84,0.42,"August",-17.53975298,-149.900506,25.2,4.6,870.3,-9.8,0.946727778,32.69592005,34.53571429
"V2","Night","Low",0.26,5.76,1.05,0.31,"August",-17.53989003,-149.900519,26.4,4.4,849.9,-13.1,1.048576081,33.75700044,32.19318182
"V3","Night","Low",0.24,3.38,0.82,0.39,"August",-17.54012598,-149.90056,27.5,4,892.4,-10.4,1.080889867,35.07585882,32.45090909
"V4","Night","Low",0.24,3.01,0.65,0.5,"August",-17.54024902,-149.900454,30.9,3.9,912.8,-12.1,1.16017121,34.27198318,29.54045307
"V5","Night","Low",0.25,5.43,1.05,0.46,"August",-17.54025003,-149.900336,25.7,4.1,887.6,-10.3,0.974888097,33.66967605,34.53696498
"V6","Night","Low",0.25,5,0.92,0.37,"August",-17.54002498,-149.900106,26.6,4.9,833.8,-10.3,1.074096507,33.66848375,31.34586466
"V7","Night","Low",0.25,4,0.83,0.46,"August",-17.54004803,-149.899985,24.9,4.8,780.1,-10.5,0.994806233,31.16660008,31.32931727
"V8","Night","Low",0.26,8.28,1.34,0.42,"August",-17.54014903,-149.899896,32.3,5.2,870.7,-11.4,1.263891063,34.07027704,26.95665635
"V9","Night","Low",0.24,2.37,0.66,0.36,"August",-17.540245,-149.899765,23.1,3.6,885.6,-9.2,0.892029657,34.19833179,38.33766234
"V10","Night","Low",0.21,3.66,0.65,0.26,"August",-17.54030501,-149.899788,24.9,4,838.2,-11.3,0.977659115,32.9105972,33.6626506
"V11","Night","Low",0.23,7.61,1.11,0.39,"August",-17.54019303,-149.900068,30.9,4.5,876,-10.6,1.187867605,33.67546996,28.34951456
"V12","Night","Low",0.23,4.18,0.75,0.26,"August",-17.54030996,-149.900112,27.2,3.8,846.5,-15.5,1.101526748,34.28097032,31.12132353
"V13","Night","Low",0.24,1.89,0.59,0.38,"August",-17.540749,-149.899133,24.3,3.6,883.1,-11.3,0.949033392,34.48935755,36.34156379
"V14","Night","Low",0.23,3.66,0.6,0.69,"August",-17.54039696,-149.899396,23,4.5,845,-10.4,0.892337536,32.78370514,36.73913043
"V15","Night","Low",0.28,7.61,1.08,0.26,"August",-17.54014299,-149.900183,30.2,4.6,908.8,-10.8,1.139493642,34.29045768,30.09271523
"V16","Night","Low",0.21,1.25,0.44,0.36,"August",-17.54029797,-149.900492,21.9,3.7,836.9,-10.5,0.876701361,33.50280224,38.21461187
"V17","Night","Low",0.29,7.39,0.99,0.3,"August",-17.54031901,-149.899572,27.3,4.3,841.7,-10.2,1.079862347,33.29377794,30.83150183
"V18","Night","Low",0.31,7.67,1.09,0.48,"August",-17.54019697,-149.899906,28.2,4.3,817.5,-11.4,1.167943674,33.8579416,28.9893617
"V19","Night","Low",0.22,1.1,0.38,0.15,"August",-17.54050802,-149.89978,27.1,3.5,928.1,-9.5,1.03684432,35.50904848,34.24723247
"V20","Night","Low",0.27,1.88,0.61,0.22,"August",-17.54045103,-149.899509,25.1,3.8,842.7,-12.9,0.988305705,33.18108438,33.57370518
"VSEEP","Night","Low",0.27,3.97,0.9,0.24,"August",-17.540302,-149.899331,31.1,8,807.5,-12.1,1.249297019,32.43753515,25.96463023
"V1","Day","Low",0.2,1.14,0.33,0.08,"August",-17.53975298,-149.900506,25.2,4.6,870.3,-9.8,0.946727778,32.69592005,34.53571429
"V2","Day","Low",0.2,0.83,0.43,0.23,"August",-17.53989003,-149.900519,26.4,4.4,849.9,-13.1,1.048576081,33.75700044,32.19318182
"V3","Day","Low",0.21,0.87,0.46,0.17,"August",-17.54012598,-149.90056,27.5,4,892.4,-10.4,1.080889867,35.07585882,32.45090909
"V4","Day","Low",0.21,0.85,0.29,0.02,"August",-17.54024902,-149.900454,30.9,3.9,912.8,-12.1,1.16017121,34.27198318,29.54045307
"V5","Day","Low",0.23,0.88,0.27,0.08,"August",-17.54025003,-149.900336,25.7,4.1,887.6,-10.3,0.974888097,33.66967605,34.53696498
"V6","Day","Low",0.21,1.03,0.28,0.02,"August",-17.54002498,-149.900106,26.6,4.9,833.8,-10.3,1.074096507,33.66848375,31.34586466
"V7","Day","Low",0.24,1.2,0.58,0.21,"August",-17.54004803,-149.899985,24.9,4.8,780.1,-10.5,0.994806233,31.16660008,31.32931727
"V8","Day","Low",0.21,1.87,0.35,0.19,"August",-17.54014903,-149.899896,32.3,5.2,870.7,-11.4,1.263891063,34.07027704,26.95665635
"V9","Day","Low",0.21,1.67,0.45,0.16,"August",-17.540245,-149.899765,23.1,3.6,885.6,-9.2,0.892029657,34.19833179,38.33766234
"V10","Day","Low",0.21,1.59,0.3,0.03,"August",-17.54030501,-149.899788,24.9,4,838.2,-11.3,0.977659115,32.9105972,33.6626506
"V11","Day","Low",0.21,0.88,0.34,0.07,"August",-17.54019303,-149.900068,30.9,4.5,876,-10.6,1.187867605,33.67546996,28.34951456
"V12","Day","Low",0.22,0.85,0.39,0.17,"August",-17.54030996,-149.900112,27.2,3.8,846.5,-15.5,1.101526748,34.28097032,31.12132353
"V13","Day","Low",0.2,2.33,0.35,0.2,"August",-17.540749,-149.899133,24.3,3.6,883.1,-11.3,0.949033392,34.48935755,36.34156379
"V14","Day","Low",0.2,1.47,0.45,0.21,"August",-17.54039696,-149.899396,23,4.5,845,-10.4,0.892337536,32.78370514,36.73913043
"V15","Day","Low",0.19,1,0.41,0.15,"August",-17.54014299,-149.900183,30.2,4.6,908.8,-10.8,1.139493642,34.29045768,30.09271523
"V16","Day","Low",0.19,0.96,0.3,0.02,"August",-17.54029797,-149.900492,21.9,3.7,836.9,-10.5,0.876701361,33.50280224,38.21461187
"V17","Day","Low",0.21,1.69,0.39,0.11,"August",-17.54031901,-149.899572,27.3,4.3,841.7,-10.2,1.079862347,33.29377794,30.83150183
"V18","Day","Low",0.2,0.95,0.34,0.12,"August",-17.54019697,-149.899906,28.2,4.3,817.5,-11.4,1.167943674,33.8579416,28.9893617
"V19","Day","Low",0.19,0.81,0.26,0.08,"August",-17.54050802,-149.89978,27.1,3.5,928.1,-9.5,1.03684432,35.50904848,34.24723247
"V20","Day","Low",0.19,0.95,0.34,0.11,"August",-17.54045103,-149.899509,25.1,3.8,842.7,-12.9,0.988305705,33.18108438,33.57370518
"VSEEP","Day","Low",0.52,62.53,4.08,0.41,"August",-17.540302,-149.899331,31.1,8,807.5,-12.1,1.249297019,32.43753515,25.96463023
"V1","Day","Low",0.22,2.29,0.68,0.52,"August",-17.53975298,-149.900506,25.2,4.6,870.3,-9.8,0.946727778,32.69592005,34.53571429
"V2","Day","Low",0.2,2.06,0.62,2.4,"August",-17.53989003,-149.900519,26.4,4.4,849.9,-13.1,1.048576081,33.75700044,32.19318182
"V3","Day","Low",0.19,1.26,0.56,0.46,"August",-17.54012598,-149.90056,27.5,4,892.4,-10.4,1.080889867,35.07585882,32.45090909
"V4","Day","Low",0.24,1.55,1.06,1.07,"August",-17.54024902,-149.900454,30.9,3.9,912.8,-12.1,1.16017121,34.27198318,29.54045307
"V5","Day","Low",0.2,1.05,0.47,0.31,"August",-17.54025003,-149.900336,25.7,4.1,887.6,-10.3,0.974888097,33.66967605,34.53696498
"V6","Day","Low",0.21,2.47,0.57,0.43,"August",-17.54002498,-149.900106,26.6,4.9,833.8,-10.3,1.074096507,33.66848375,31.34586466
"V7","Day","Low",0.22,2.47,0.92,0.7,"August",-17.54004803,-149.899985,24.9,4.8,780.1,-10.5,0.994806233,31.16660008,31.32931727
"V8","Day","Low",0.19,1.27,0.54,0.54,"August",-17.54014903,-149.899896,32.3,5.2,870.7,-11.4,1.263891063,34.07027704,26.95665635
"V9","Day","Low",0.22,1.09,0.55,0.45,"August",-17.540245,-149.899765,23.1,3.6,885.6,-9.2,0.892029657,34.19833179,38.33766234
"V10","Day","Low",0.22,1.56,0.62,0.43,"August",-17.54030501,-149.899788,24.9,4,838.2,-11.3,0.977659115,32.9105972,33.6626506
"V11","Day","Low",0.2,1.04,0.5,0.42,"August",-17.54019303,-149.900068,30.9,4.5,876,-10.6,1.187867605,33.67546996,28.34951456
"V12","Day","Low",0.19,1.61,0.58,0.76,"August",-17.54030996,-149.900112,27.2,3.8,846.5,-15.5,1.101526748,34.28097032,31.12132353
"V13","Day","Low",0.21,1.07,0.55,0.49,"August",-17.540749,-149.899133,24.3,3.6,883.1,-11.3,0.949033392,34.48935755,36.34156379
"V14","Day","Low",0.22,2.33,0.44,0.34,"August",-17.54039696,-149.899396,23,4.5,845,-10.4,0.892337536,32.78370514,36.73913043
"V15","Day","Low",0.22,1.18,0.39,0.34,"August",-17.54014299,-149.900183,30.2,4.6,908.8,-10.8,1.139493642,34.29045768,30.09271523
"V16","Day","Low",0.21,1,0.32,0.31,"August",-17.54029797,-149.900492,21.9,3.7,836.9,-10.5,0.876701361,33.50280224,38.21461187
"V17","Day","Low",0.22,2.06,0.41,0.24,"August",-17.54031901,-149.899572,27.3,4.3,841.7,-10.2,1.079862347,33.29377794,30.83150183
"V18","Day","Low",0.22,1.33,0.31,0.2,"August",-17.54019697,-149.899906,28.2,4.3,817.5,-11.4,1.167943674,33.8579416,28.9893617
"V19","Day","Low",0.19,1.29,0.23,0.14,"August",-17.54050802,-149.89978,27.1,3.5,928.1,-9.5,1.03684432,35.50904848,34.24723247
"V20","Day","Low",0.19,1.07,0.32,0.23,"August",-17.54045103,-149.899509,25.1,3.8,842.7,-12.9,0.988305705,33.18108438,33.57370518
"Varari_Well","Day",NA,1.57,229.28,279.15,0.79,"August",NA,NA,NA,NA,NA,NA,NA,NA,NA
"VSEEP","Night","Low",0.43,61.8,4.15,0.58,"August",-17.540302,-149.899331,31.1,8,807.5,-12.1,1.249297019,32.43753515,25.96463023
"VSEEP","Night","High",0.2,3.03,0.35,0.4,"August",-17.540302,-149.899331,31.1,8,807.5,-12.1,1.249297019,32.43753515,25.96463023
"VSEEP","Night","Mid",0.25,6.11,0.64,0.44,"August",-17.540302,-149.899331,31.1,8,807.5,-12.1,1.249297019,32.43753515,25.96463023
"VSEEP","Day","Low",0.51,79.11,4.33,0.43,"August",-17.540302,-149.899331,31.1,8,807.5,-12.1,1.249297019,32.43753515,25.96463023
"VSEEP","Day","Mid",0.33,41.25,1.99,0.27,"August",-17.540302,-149.899331,31.1,8,807.5,-12.1,1.249297019,32.43753515,25.96463023
"VSEEP","Day","High",0.22,5.16,0.4,0.43,"August",-17.540302,-149.899331,31.1,8,807.5,-12.1,1.249297019,32.43753515,25.96463023
"VSEEP","Day","Mid",0.2,3.66,0.65,0.39,"August",-17.540302,-149.899331,31.1,8,807.5,-12.1,1.249297019,32.43753515,25.96463023
"CSEEP","Night","Low",0.65,96.36,3.72,1.75,"August",-17.516384,-149.912515,15.1,3.5,746.9,-8.2,0.591044309,29.23516518,49.46357616
"CSEEP","Night","Mid",0.21,17.29,0.58,0.04,"August",-17.516384,-149.912515,15.1,3.5,746.9,-8.2,0.591044309,29.23516518,49.46357616
"CSEEP","Night","High",0.26,8.91,0.5,0.44,"August",-17.516384,-149.912515,15.1,3.5,746.9,-8.2,0.591044309,29.23516518,49.46357616
"CSEEP","Night","Mid",0.25,13.38,0.61,0.08,"August",-17.516384,-149.912515,15.1,3.5,746.9,-8.2,0.591044309,29.23516518,49.46357616
"CSEEP","Day","Low",1.04,182.72,4.49,0.19,"August",-17.516384,-149.912515,15.1,3.5,746.9,-8.2,0.591044309,29.23516518,49.46357616
"CSEEP","Day","Mid",0.27,12.49,0.5,0.63,"August",-17.516384,-149.912515,15.1,3.5,746.9,-8.2,0.591044309,29.23516518,49.46357616
"CSEEP","Day","High",0.15,7.15,0.09,0.06,"August",-17.516384,-149.912515,15.1,3.5,746.9,-8.2,0.591044309,29.23516518,49.46357616
"CSEEP","Day","Mid",0.22,18.96,0.96,0.02,"August",-17.516384,-149.912515,15.1,3.5,746.9,-8.2,0.591044309,29.23516518,49.46357616
"CSEEP","Night","Low",0.77,142.12,3.44,0.53,"August",-17.516384,-149.912515,15.1,3.5,746.9,-8.2,0.591044309,29.23516518,49.46357616
"CSEEP","Night","Mid",0.3,16.73,0.68,0.09,"August",-17.516384,-149.912515,15.1,3.5,746.9,-8.2,0.591044309,29.23516518,49.46357616
"CSEEP","Night","High",0.2,7.14,0.27,0.05,"August",-17.516384,-149.912515,15.1,3.5,746.9,-8.2,0.591044309,29.23516518,49.46357616
"CSEEP","Night","Mid",0.17,7.44,0.26,1.48,"August",-17.516384,-149.912515,15.1,3.5,746.9,-8.2,0.591044309,29.23516518,49.46357616
"CSEEP","Day","Low",1.29,98.03,6.06,0.15,"August",-17.516384,-149.912515,15.1,3.5,746.9,-8.2,0.591044309,29.23516518,49.46357616
"CSPRING","Day","High",4.29,868.38,14.53,0.44,"August",NA,NA,NA,NA,NA,NA,NA,NA,NA
